{"cameraMode":{"drawMode":0,"name":"Shaded","section":"Shading Mode"},"sceneLighting":true,"audioPlay":false,"sceneViewState":{"m_AlwaysRefresh":false,"showFog":true,"showSkybox":true,"showFlares":true,"showImageEffects":true,"showParticleSystems":true,"showVisualEffectGraphs":true,"m_FxEnabled":true},"in2DMode":false,"pivot":{"x":-6.1231770515441898,"y":1.4062224626541138,"z":0.9134101867675781},"rotation":{"x":0.00024617009330540895,"y":0.9986717104911804,"z":-0.05128638818860054,"w":0.00479478482156992},"size":4.62138557434082,"orthographic":false}