{"cameraMode":{"drawMode":0,"name":"Shaded","section":"Shading Mode"},"sceneLighting":true,"audioPlay":false,"sceneViewState":{"m_AlwaysRefresh":false,"showFog":true,"showSkybox":true,"showFlares":true,"showImageEffects":true,"showParticleSystems":true,"showVisualEffectGraphs":true,"m_FxEnabled":true},"in2DMode":false,"pivot":{"x":2.32785701751709,"y":-0.30349254608154299,"z":-1.3330223560333253},"rotation":{"x":-0.053741611540317538,"y":0.9455324411392212,"z":-0.24527481198310853,"w":-0.2071733921766281},"size":3.5712335109710695,"orthographic":false}