{"cameraMode":{"drawMode":0,"name":"Shaded","section":"Shading Mode"},"sceneLighting":true,"audioPlay":false,"sceneViewState":{"m_AlwaysRefresh":false,"showFog":true,"showSkybox":true,"showFlares":true,"showImageEffects":true,"showParticleSystems":true,"showVisualEffectGraphs":true,"m_FxEnabled":true},"in2DMode":false,"pivot":{"x":136.8190155029297,"y":106.6655044555664,"z":-1.4942626953125},"rotation":{"x":0.01080871932208538,"y":0.010494167916476727,"z":-0.0001136201826739125,"w":0.9998878836631775},"size":461.0119934082031,"orthographic":false}